amplicon_start	amplicon_end	ampInsert_start	ampInsert_end	rev_primer	fwd_primer	amplicon
1365708	1365954	1365741	1365924	ATGTAACAGCATTAGATAAAGGTACTGGTA	TTTCTGAATCATCTTTTGGTATTTTTGTTTTCA	Pf3D7_08_v3-1365709-1365954-1B
1366625	1366856	1366658	1366823	AAAAGGAAAAGGTGAACAAAATATTCTTATTTT	AATCTTCTTAATGATTTTGAATTTTTGGAAACA	Pf3D7_08_v3-1366626-1366856-1B
1370602	1370853	1370632	1370825	GCAACAATGAGAAAATGAATTTGCACAA	AAATCTGGAATAGGAACAAAGTGATTATGG	Pf3D7_08_v3-1370603-1370853-1B
1375024	1375284	1375056	1375259	AAAAATAAAGTATTATCCGCTGCCG	ATTTAAATTAAGTCCTTTTGCATTTTTGCTAC	Pf3D7_08_v3-1375025-1375284-1B
1386794	1387043	1386821	1387013	CTTTGAATGGTGTTCCATTGAAATCAATTA	CATAAGCGTGTTAGTAGTTTCAGTTGT	Pf3D7_08_v3-1386795-1387043-1B
1902033	1902278	1902064	1902257	CTGCCCAAATACCCCAATAGT	AGATTGGACATATGTCTCTTCATTTATCAGA	Pf3D7_11_v3-1902034-1902278-1B
1950400	1950636	1950426	1950606	GAGATTTACAAACGTCTAAACCATTTTCAC	GCATGATGAGAGTTGTGATGAATTCT	Pf3D7_11_v3-1950401-1950636-1B
1968030	1968273	1968063	1968242	GCACTTTATATTGTCTTTTAGTTCTGGTTTT	CGTATTGTAGAAGATACTTCACATGTTAATAAT	Pf3D7_11_v3-1968031-1968273-1B
2001720	2001954	2001753	2001929	AAAAACACCTTCCTTCATATGATCC	CAGGAAAAAGTTCCTAAAGAATCTAAAAATACC	Pf3D7_11_v3-2001721-2001954-1B
2001968	2002222	2001998	2002198	CTTCTTCATCTCCTGGATTCTTGT	AAAAACATCACATAGGAAAGAAGTTGATGA	Pf3D7_11_v3-2001969-2002222-1B
2770620	2770854	2770648	2770821	TTTTTCAATTATCGAGGGTAAACTTATTAGATT	GCAACACATCGATTTTATCAAAAGGAAA	Pf3D7_13_v3-2770621-2770854-1B
2780345	2780575	2780366	2780542	GTATTTCTGAAGGACTATATATGGAACAATTCA	AAAAATGAGGGCCGGTAGTTC	Pf3D7_13_v3-2780346-2780575-1B
2814605	2814855	2814630	2814826	GAGGATTTATTGTTTCCTTATTCCCTTGA	GCTGAAAAGGGTCAGTCTTCTAATT	Pf3D7_13_v3-2814606-2814855-1B
2816309	2816554	2816333	2816526	CTTGTAGAAGGAATAGATACACCATCCT	GGTGGAGAGGTAACACATACTGAT	Pf3D7_13_v3-2816310-2816554-1B
2840461	2840736	2840494	2840703	ACACCATTAAATCCATTTAATCGAAGATTAAAA	AAATCGCTATCCTATAAATTACAAAACAAGAAT	Pf3D7_13_v3-2840462-2840736-1B
194741	194973	194763	194942	TGTTTGAAAAGAACTCTAGCCCTTTATTATC	GGAAATGACCAAGACGTGAACC	Pf3D7_01_v3-194742-194973-1B
748104	748359	748128	748326	TCATTTACATTATCCACAGTTTCTTTGTTTAAA	CGACGTTTTCGATATTTATGCCAT	Pf3D7_04_v3-748105-748359-1B
748373	748611	748406	748581	TCTAAAAATTCTTGATAAACAACGGAACCT	AAAAATTACAAAATGTTGTAGTTATGGGAAGAA	Pf3D7_04_v3-748374-748611-1B
958078	958350	958105	958317	TCAGATCTTAATTTAGATCCAGGATTATTATCA	GCTGTATTATCAGGAGGAACATTACCT	Pf3D7_05_v3-958079-958350-1B
958371	958608	958394	958580	CCCATTAAAGCCTCTTCTATAATGGACA	AGTGAGTTCAGGAATTGGTACGA	Pf3D7_05_v3-958372-958608-1B
958919	959168	958952	959135	CAATTAATTTTAGTATGGTTGATTTCCCACAAC	TGAAAGCTTTAGAAGCAACAAATAGTTTATATG	Pf3D7_05_v3-958920-959168-1B
960809	961048	960841	961021	AATTAAGAAGGATCCAAACCAATAGGC	CAGATGATGAAATGTTTAAAGATCCAAGTTTT	Pf3D7_05_v3-960810-961048-1B
961510	961758	961543	961730	ATAGCAGCAAACTTACTAACACGTTTAA	AAAAATGTAAATGAATTTTCAAACCAATCTGGA	Pf3D7_05_v3-961511-961758-1B
1214814	1215069	1214845	1215036	TTCTTAATCTTTTCCTTATTCTCCTTATCCATA	AACTTGTAATATTACGCTTCTAAATGTTGAT	Pf3D7_06_v3-1214815-1215069-1B
1215235	1215502	1215267	1215479	TGGTGGTGTTAGATCTAGTACGG	ACAAAACCAAATGACAATCCAAAATCTATAAT	Pf3D7_06_v3-1215236-1215502-1B
1215494	1215756	1215515	1215727	AAAAACGAGTCATCAAAAAGTAGTAAGAA	CACCACCAGGTGTAAATCGAC	Pf3D7_06_v3-1215495-1215756-1B
403478	403716	403499	403683	AAAGAACATAATCATACAAATAAAGTTGTGAGT	GACCTTAACAGATGGCTCACG	Pf3D7_07_v3-403479-403716-1B
403800	404052	403833	404021	CAAATGATTGGATATTTCCAGTAGTTCTTGT	ATCTATTCCACCTACCAATATAAAACATTACAC	Pf3D7_07_v3-403801-404052-1B
404324	404590	404357	404564	TCATGTTTGAAAAGCATACAGGCTAA	AACAATAGCTCTTGTAGAAATGAAATTATCTTT	Pf3D7_07_v3-404325-404590-1B
404775	405006	404808	404981	GTTTCTTCCCAAGAATAAACATGCG	TTTTTCCAATTGTTCACTTCTTGTCTTATATTA	Pf3D7_07_v3-404776-405006-1B
405333	405576	405357	405543	ACAATAGTATATGTCATGGTAGAAAATTTGTCG	AAAACCTTCGCATTGTTTTCCTTC	Pf3D7_07_v3-405334-405576-1B
405569	405844	405597	405815	GGTTCTCTTACAACATCACCCTATAAAAT	CTATTGTTAGTTGTATACAAGGTCCAGC	Pf3D7_07_v3-405570-405844-1B
896612	896849	896645	896816	TTTTCATATTCTGTCGAGGATAACAATTCAATA	AATACATATAGAAAAGATGATAGAAGAAGCTCC	Pf3D7_07_v3-896613-896849-1B
549582	549807	549609	549776	TTGGTTTCGCATCACATTTAACAATTTTATT	CAGATGGAGGTATTTTTGTTGAACCTA	Pf3D7_08_v3-549583-549807-1B
549959	550215	549988	550182	GGGCAATAAATCTTTTTCTTGAATATCCAATAA	ATGCATAAAAGAGGAAATCCACATACAAT	Pf3D7_08_v3-549960-550215-1B
490604	490877	490637	490844	TCATTACGAGGATTATCATTTTTATCAGAATTT	AATACATATGTTTTTAGATGATGATTTTGAGGG	Pf3D7_10_v3-490605-490877-1B
2092528	2092798	2092558	2092765	TCTTATGACCATTTAATATACATAAAGGATCCT	ATGATTTGTTCATATTATAGGTACCATGGC	Pf3D7_12_v3-2092529-2092798-1B
748253	748510	748286	748477	TGATGATCAAAGTTATTTAGATGAAGAGCAAAT	GGAAATTTTATCATTCCCCATTTCAATCATATC	Pf3D7_13_v3-748254-748510-1B
958246	958510	958275	958482	TCATGTGAAAAATGAAGAGCATGAGAAT	TTTGATGAATTTGTTGTAACGTTTTGGTT	Pf3D7_13_v3-958247-958510-1B
1724894	1725166	1724925	1725137	GGGAACAATTTCCATATGCCTTATTAGAA	TGGTGAAAAGAAATGACATGAATTTAGAACT	Pf3D7_13_v3-1724895-1725166-1B
1725207	1725471	1725231	1725441	GGTGTATGATCGTTTAAGAGATGTATGGTA	CTCTCACCATTAGTTCCACCAATG	Pf3D7_13_v3-1725208-1725471-1B
1725463	1725719	1725493	1725694	GCCTTGTTGAAAGAAGCAGAATTTT	CATACACCTCAGTTTCAAATAAAGCCTTAT	Pf3D7_13_v3-1725464-1725719-1B
1725712	1725955	1725740	1725923	CTGAAACTATGATTGATATTAATGTTGGTGGA	ACAAGGCTTCACTTTCACTTAAATCTTT	Pf3D7_13_v3-1725713-1725955-1B
1726056	1726304	1726089	1726271	AAGACACAAATGAATTTTATTCGAGAAAAAGAT	TCGATTTCTTGTAAAAATCTTAATCTTTCTTCA	Pf3D7_13_v3-1726057-1726304-1B
1726722	1726995	1726755	1726967	GGAAGGAGAAAAAGTAAAAACAAAAGCA	TTTTTACTATCAAAGTTCGAATCTAATACACTC	Pf3D7_13_v3-1726723-1726995-1B
2504480	2504734	2504513	2504701	TTTTTATAACTATCCCATTCGATATCTATACCT	AATTTACCTGAAGACGTTAAAAATGTAAAGTAC	Pf3D7_13_v3-2504481-2504734-1B
283349	283576	283380	283552	GGAACCCATAAATTAGCTGAACCG	AAGGTTTTGAGCTCTGTATTGAAAAATAAAT	Pf3D7_14_v3-283350-283576-1B
283972	284211	284005	284184	GTAAATCATCGTTATCACAGGTGGTTA	TGATTTTTATGAAGGACCTTTAACTTATGAAAA	Pf3D7_14_v3-283973-284211-1B
288428	288696	288461	288664	CATCATTTAATGTTACACTATCACCAGCATTA	TTTTTCTTATTGATTACCGGAGCATTATTTTAT	Pf3D7_14_v3-288429-288696-1B
289300	289550	289328	289517	GTTCAAATCAACAGGTATTATAGATACCATACA	TGTTGACAGTGGTACTAGTTCTATAACG	Pf3D7_14_v3-289301-289550-1B
293574	293829	293607	293796	GTTTTAGTAAGTCCTGAATTAAGAAAATTGACA	ACAGAAAGGATTTCAAATACTATATGTACTTCT	Pf3D7_14_v3-293575-293829-1B
294505	294753	294537	294730	GGGTCACCTAGAATAAAGGTTGG	GTACCAACTGACTTTTTAAATAAAATGTTGCA	Pf3D7_14_v3-294506-294753-1B
297582	297856	297615	297824	TCCACATTATCAAACTCACTACCTAAATAACT	AAATATTATTTGTGACAGTTTTCATAGTTTTGG	Pf3D7_14_v3-297583-297856-1B
297934	298162	297960	298129	ACAATTTCCGTCATTTCAATAAATTTATAGGGT	CCATACAGCTTCATCTAATGTATGGG	Pf3D7_14_v3-297935-298162-1B
298367	298636	298400	298603	GTATATACTTTATTTGGTGAACGATATTCGAGT	TTTGATGGACCATTGAACTATGAAAAATTAAAT	Pf3D7_14_v3-298368-298636-1B
1954849	1955124	1954881	1955099	CCAGTTCATTAGATTCAAGAACCGA	ATTTACATCGTCTTTATCAATTGATGAATTTG	Pf3D7_14_v3-1954850-1955124-1B
1956055	1956330	1956088	1956301	GGTATTCTAGTAAAAATTCGGGTGGTATC	ATGATATACATTATCCATCTCATTTGCTTTTGT	Pf3D7_14_v3-1956056-1956330-1B
1956364	1956639	1956395	1956609	GCAAAAGGATAGATATGAAAGGAAATAGCT	AGATTCTTGTAATTCTATAAAAGCTGATTGT	Pf3D7_14_v3-1956365-1956639-1B
1957217	1957480	1957250	1957447	AAATCATCAGTTGATTTATTTTTGTTGAATGTT	ATCATACTATAAACCATAAACAAAACTTTGAGT	Pf3D7_14_v3-1957218-1957480-1B
2481032	2481276	2481064	2481245	GAAATTTACAACTGGAAGGTGAAAAACATAC	GTTTCATTTTAGATTTACCTTTTTGCGATCTC	Pf3D7_14_v3-2481033-2481276-1B
1365749	1365999	1365782	1365968	CACAAATCGAAGTTACATTTGATATTGATGC	TCTTGTAATGTGTTTTTAACATTATAGCAGTAA	Pf3D7_08_v3-1365750-1365999-2
1366574	1366822	1366599	1366795	GATTTAGGAGGAGGAACATTTGATGTT	GCTTGTGCGGATGATGATAATACAC	Pf3D7_08_v3-1366575-1366822-2
1370813	1371045	1370846	1371012	GGTTGCTACAATATAGACAAAAAGAAATTAGTT	CCAAATAATATTTTGTGCAAATTCATTTTCTCA	Pf3D7_08_v3-1370814-1371045-2
1375204	1375450	1375237	1375418	TTTCACTTCATGTATTTATGTATGCAGAACTT	TTTCTATTTGCAATTAAAATGCTTACGTTATCT	Pf3D7_08_v3-1375205-1375450-2
1386785	1387035	1386816	1387005	GGTGTTCCATTGAAATCAATTATTAATGCA	TTTTTCTAACATAAGCGTGTTAGTAGTTTCA	Pf3D7_08_v3-1386786-1387035-2
1902040	1902278	1902070	1902253	CTGCCCAAATACCCCAATAGTTATT	ACATATGTCTCTTCATTTATCAGACCTGAT	Pf3D7_11_v3-1902041-1902278-2
1950430	1950680	1950459	1950650	CAAAAATTGATCTTCTGTGTCATCTCTACT	CGCATGGAATAGAAGTTTAGCTGATTATA	Pf3D7_11_v3-1950431-1950680-2
1968049	1968296	1968082	1968268	ATATTGAATGAGACATTTTCTTCGCACT	CACATGTTAATAATATTAAGGAAAAGGCAATAG	Pf3D7_11_v3-1968050-1968296-2
2001724	2001999	2001757	2001969	ATCATCAACTTCTTTCCTATGTGATGTTTT	AAAAAGTTCCTAAAGAATCTAAAAATACCAGAA	Pf3D7_11_v3-2001725-2001999-2
2770590	2770863	2770622	2770830	ATTAATACATTTTTCAATTATCGAGGGTAAACT	AAATATTTAGAAAACAATTTGAAAAGTGTGGC	Pf3D7_13_v3-2770591-2770863-2
2814582	2814832	2814615	2814807	CCTTGATTAGAGTCCTCATTTGCAT	CTATACCAATTACTCATATAGAAGCTGAAAAGG	Pf3D7_13_v3-2814583-2814832-2
748584	748822	748617	748789	TTTTTCTTCTCCTTTTATACAATTTTGTTCATT	TTCCGTTGTTTATCAAGAATTTTTAGAAAAGAA	Pf3D7_04_v3-748585-748822-2
403486	403750	403507	403717	TTCCCTTTTTATTTCCAAATAAGGAATAAACAA	CAGATGGCTCACGTTTAGGTG	Pf3D7_07_v3-403487-403750-2
405516	405773	405549	405743	AAAATATGATACGTTGTACCATCATAAACA	TCATTTTCTATGCTTTTTATAGATTATCGACAA	Pf3D7_07_v3-405517-405773-2
550056	550318	550089	550294	ATCCAATTGTGTGATTTGTCCACA	TTCTTGTATTAAATGGAATACCTCGTTATAGGA	Pf3D7_08_v3-550057-550318-2
2092653	2092884	2092682	2092852	ATCCCATATATTAACAGAAGAATCAAAAGAGG	CTTGATTTGTCATTTAACCCGTGTTATAG	Pf3D7_12_v3-2092654-2092884-2
1725123	1725365	1725151	1725336	GGATATGATGGCTCTTCTATTATACCGAA	CCTGAACTTCTAGCTTCTAATAAGGCAT	Pf3D7_13_v3-1725124-1725365-2
1725378	1725652	1725403	1725620	GTGGATTTGATGGTGTAGAATATTTAAATTCG	ATTCTACCATTTGACGTAACACCAC	Pf3D7_13_v3-1725379-1725652-2
1725886	1726123	1725915	1726094	AAAAAGAAAAAGAAGAACATAGGAAACGA	GTTGTGTTAAGGTATGTCTAGATGTTTCA	Pf3D7_13_v3-1725887-1726123-2
1726173	1726408	1726206	1726375	ATGATACTTATGAAAAGAAAATTATTGAAACGG	TCATGTAATTTCTGTTCTTCAATATTTTTACGG	Pf3D7_13_v3-1726174-1726408-2
294502	294768	294534	294741	TATTTTCTCATGAATGGGTCACCTAGA	ACTGTACCAACTGACTTTTTAAATAAAATGTT	Pf3D7_14_v3-294503-294768-2
